Country Name,Year,gini,life_expectancy,birth_rate,GDP per capita,"Inflation (CPI, %))",Unemployment levels (%),gini_rev,Unemployment_rev,Inflation_rev,score_pca_new,score_pca_wellbeing,score_pca_economics,birth_rate_adj
Chile,2000,52.8,77.128,16.322,5099.922,57.794,9.708,-52.8,-9.708,-57.794,-0.04657133958245256,0.5003963328975211,-0.14586717770351787,1.6322
Chile,2001,52.36666666666667,77.58,15.914,4608.057,59.317,9.867,-52.36666666666667,-9.867,-59.317,-0.04516665215634409,0.5128333898921774,-0.17000978775802988,1.5914000000000001
Chile,2002,51.93333333333333,77.84,15.249,4479.771,60.993,9.8,-51.93333333333333,-9.8,-60.993,-0.05875573287512582,0.5224706894589131,-0.1796892602047871,1.5249000000000001
Chile,2003,51.5,77.884,14.789,4824.87,61.647,9.533,-51.5,-9.533,-61.647,-0.06953841884964455,0.5289582619192374,-0.16692369053012326,1.4789
Chile,2004,50.233333333333334,78.276,14.415,6183.906,63.144,10.017,-50.233333333333334,-10.017,-63.144,-0.05587944594870847,0.5517626281466925,-0.17313119747545117,1.4415
Chile,2005,48.96666666666667,78.459,14.23,7558.009,65.454,9.3,-48.96666666666667,-9.3,-65.454,-0.039877569683685436,0.5715193417572966,-0.13472115997316897,1.423
Chile,2006,47.7,78.533,13.995,9410.392,67.136,7.95,-47.7,-7.95,-67.136,-0.02856932587856948,0.5896866097447575,-0.05840751681687581,1.3995
Chile,2007,47.6,78.652,14.194,10447.116,72.393,7.008,-47.6,-7.008,-72.393,-0.016208458436993305,0.5927709440787539,-0.03449347696941635,1.4194000000000002
Chile,2008,47.5,78.752,14.353,10759.738,77.525,7.75,-47.5,-7.75,-77.525,-0.005911386106682147,0.5955782190839456,-0.09118601935292603,1.4353
Chile,2009,47.4,78.89,14.363,10176.733,76.375,11.053,-47.4,-11.053,-76.375,-0.00060472793484544,0.5989396127467469,-0.22965933268248803,1.4363000000000001
Chile,2010,47.15,79.095,14.23,12723.064,78.651,8.305,-47.15,-8.305,-78.651,0.0028994040759230955,0.6053016071125573,-0.08787305300931147,1.423
Chile,2011,46.9,79.236,14.017,14560.249,82.137,7.3,-46.9,-7.3,-82.137,0.0016312408454939899,0.6107303490023941,-0.03705041289491273,1.4017
Chile,2012,46.849999999999994,79.221,13.776,15316.01,83.355,6.595,-46.849999999999994,-6.595,-83.355,-0.007593210008125205,0.6111861519590791,-0.0028385593941326476,1.3776000000000002
Chile,2013,46.8,79.551,13.622,15740.391,85.876,6.082,-46.8,-6.082,-85.876,-0.0047988758584324885,0.6166727690440599,0.009922612418026042,1.3622
Chile,2014,46.05,79.714,13.473,14582.85,89.86,6.495,-46.05,-6.495,-89.86,0.0044597246421649965,0.6291676565299267,-0.050939855494709585,1.3473000000000002
Chile,2015,45.3,80.008,13.147,13494.489,93.794,6.328,-45.3,-6.328,-93.794,0.00991910607888075,0.6435727951775525,-0.08650045830977207,1.3147000000000002
Chile,2016,45.3,80.295,12.685,13722.878,96.341,6.685,-45.3,-6.685,-96.341,-0.001359617582974454,0.647757849249497,-0.11294273957133191,1.2685000000000002
Chile,2017,45.3,80.61,11.763,15003.77,98.523,6.965,-45.3,-6.965,-98.523,-0.03025968552046139,0.6523512012796799,-0.11628174946874714,1.1763000000000001
Chile,2018,45.86666666666667,80.559,11.698,15755.003,100.64,7.377,-45.86666666666667,-7.377,-100.64,-0.04253642403935309,0.643962796981152,-0.13355423928991822,1.1698000000000002
Chile,2019,46.43333333333333,80.324,10.94,14551.577,103.66,7.223,-46.43333333333333,-7.223,-103.66,-0.08696860320378418,0.6328912918141997,-0.16598089531648008,1.094
Chile,2020,47.0,79.349,10.097,13056.638,106.74,10.77,-47.0,-10.77,-106.74,-0.15313449115987604,0.6110290548938021,-0.35574991095262015,1.0097
Chile,2021,45.0,78.876,9.07,16028.325,114.39,8.862,-45.0,-8.862,-114.39,-0.1760229013323155,0.631113096043217,-0.2742704909211069,0.907
Chile,2022,43.0,79.176,9.672,15193.738,129.02,7.878,-43.0,-7.878,-129.02,-0.1148824727673248,0.6624690772540011,-0.3375656548549042,0.9672000000000001
Chile,2023,43.0,81.167,8.963,16814.208,134.1,8.681,-43.0,-8.681,-134.1,-0.09374292477485408,0.6915019784987444,-0.37444955683946396,0.8963
Costa Rica,2000,47.4,77.317,20.237,3941.14,29.8,5.193,-47.4,-5.193,-29.8,0.1942734033004344,0.5760020167357065,0.19178150279985925,2.0237
Costa Rica,2001,51.5,77.609,19.408,4041.943,33.065,6.072,-51.5,-6.072,-33.065,0.10755552128836171,0.524948192686538,0.1373429968606374,1.9408000000000003
Costa Rica,2002,51.8,77.939,18.188,4122.829,36.267,6.403,-51.8,-6.403,-36.267,0.06270225935470579,0.5257130717313284,0.10547269912814955,1.8188
Costa Rica,2003,49.3,78.214,17.572,4227.819,39.846,6.668,-49.3,-6.668,-39.846,0.0821591254593293,0.5634498412511,0.07440846656941125,1.7572
Costa Rica,2004,48.4,78.512,17.136,4483.59,45.077,6.495,-48.4,-6.495,-45.077,0.08556775911162715,0.5799369101956986,0.05374958498920607,1.7136
Costa Rica,2005,47.5,78.877,17.253,4756.337,51.422,6.63,-47.5,-6.63,-51.422,0.11265633500300903,0.5974009778260816,0.013891232183855406,1.7253
Costa Rica,2006,49.3,79.049,16.429,5309.271,56.273,5.962,-49.3,-5.962,-56.273,0.057353686418344124,0.5756258696485692,0.02089909070820173,1.6429
Costa Rica,2007,49.3,79.098,16.604,6194.045,62.353,4.597,-49.3,-4.597,-62.353,0.06553661469312501,0.5763403910754865,0.054592852488103916,1.6604
Costa Rica,2008,48.6,79.18,16.806,6993.896,71.022,4.948,-48.6,-4.948,-71.022,0.0860190441795671,0.5869795968907079,0.0004769326560425946,1.6806
Costa Rica,2009,50.6,79.372,16.525,6879.266,73.896,7.822,-50.6,-7.822,-73.896,0.0498595510541429,0.5627979940889711,-0.13716105613098734,1.6524999999999999
Costa Rica,2010,48.0,79.354,15.407,8268.859,78.2,9.213,-48.0,-9.213,-78.2,0.043549743963879506,0.5976112851286586,-0.19733121041024537,1.5407000000000002
Costa Rica,2011,48.8,79.624,15.759,9270.571,81.903,10.492,-48.8,-10.492,-81.903,0.0523674360146732,0.5907558999198095,-0.2557385319982482,1.5759
Costa Rica,2012,48.4,79.925,15.461,10107.452,85.63,9.849,-48.4,-9.849,-85.63,0.053912170437272935,0.6005413750168047,-0.23809151446488297,1.5461
Costa Rica,2013,49.2,80.189,14.77,10764.529,88.781,8.311,-49.2,-8.311,-88.781,0.021052357029597575,0.5935984973883328,-0.18316238964969447,1.477
Costa Rica,2014,48.6,80.231,14.848,10853.638,93.333,9.658,-48.6,-9.658,-93.333,0.034119076453651705,0.6023053523945879,-0.26491744427129604,1.4848000000000001
Costa Rica,2015,48.4,80.407,14.704,11635.197,92.58,9.604,-48.4,-9.604,-92.58,0.035722833575271444,0.6075699327264814,-0.24493748728226444,1.4704000000000002
Costa Rica,2016,48.7,79.988,14.184,11986.918,93.288,9.541,-48.7,-9.541,-93.288,0.00016873694683443644,0.5974128413883926,-0.24077382142554904,1.4184
Costa Rica,2017,48.3,79.994,13.812,12185.259,95.689,9.293,-48.3,-9.293,-95.689,-0.008547880321057659,0.6028966058539468,-0.24196735391541033,1.3812
Costa Rica,2018,48.0,80.09,13.622,12428.924,97.629,11.951,-48.0,-11.951,-97.629,-0.00927279897464552,0.6083436886023557,-0.35897802620246216,1.3622
Costa Rica,2019,48.2,80.296,12.661,12691.127,99.115,12.417,-48.2,-12.417,-99.115,-0.04540170897553748,0.6086494589864304,-0.3828257911410101,1.2661
Costa Rica,2020,49.2,79.725,11.366,12163.927,100.0,19.98,-49.2,-19.98,-100.0,-0.12598889863046608,0.5868324169375237,-0.7078768688558164,1.1366
Costa Rica,2021,48.7,78.05,10.543,12539.282,103.299,13.68,-48.7,-13.68,-103.299,-0.1928588712874914,0.5691527898503148,-0.4629258194085411,1.0543
Costa Rica,2022,47.2,79.316,10.319,13239.876,111.436,11.669,-47.2,-11.669,-111.436,-0.14808667486345617,0.6078497105629124,-0.4183966168192406,1.0319
Costa Rica,2023,46.7,80.799,10.179,16390.222,109.469,7.297,-46.7,-7.297,-109.469,-0.10945503740821275,0.6362202603370293,-0.1737104415042853,1.0179
Denmark,2000,23.8,76.59268293,12.6,30777.178,78.4,4.317,-23.8,-4.317,-78.4,0.22307020928247068,0.8838200252743003,0.38117670387286495,1.26
Denmark,2001,24.400000000000002,76.79268293,12.2,30823.475,80.0,4.508,-24.400000000000002,-4.508,-80.0,0.20318325640977572,0.8786420311928207,0.36429836401643745,1.22
Denmark,2002,25.0,76.89512195,11.9,33304.059,82.1,4.642,-25.0,-4.642,-82.1,0.1848588089375912,0.8720413960778503,0.3876383627589361,1.1900000000000002
Denmark,2003,25.6,77.14390244,12.0,40572.443,83.1,5.433,-25.6,-5.433,-83.1,0.1860897405242583,0.867574722513116,0.47125086391459925,1.2000000000000002
Denmark,2004,24.9,77.49268293,12.0,46684.835,83.9,5.517,-24.9,-5.517,-83.9,0.20514439574985216,0.8821041400913682,0.5656973665060059,1.2000000000000002
Denmark,2005,25.2,77.84390244,11.9,48998.314,85.8,4.8,-25.2,-4.8,-85.8,0.2054119067261912,0.8831784435150096,0.6224200233907502,1.1900000000000002
Denmark,2006,25.9,78.09512195,12.0,52213.64,87.2,3.9,-25.9,-3.9,-87.2,0.20521672092546067,0.8773982678990107,0.704895212742823,1.2000000000000002
Denmark,2007,26.2,78.19512195,11.7,58786.14,89.4,3.617,-26.2,-3.617,-89.4,0.19129158318736447,0.8748092708582706,0.8135771068765101,1.17
Denmark,2008,25.2,78.44634146,11.8,64826.681,91.6,2.65,-25.2,-2.65,-91.6,0.21636853233350467,0.8919632514374807,0.941417253556941,1.1800000000000002
Denmark,2009,26.7,78.59756098,11.4,58536.553,92.7,4.833,-26.7,-4.833,-92.7,0.1818926361980458,0.8739323248817303,0.7391838187807107,1.1400000000000001
Denmark,2010,27.2,79.1,11.4,58240.45,95.3,6.058,-27.2,-6.058,-95.3,0.1869183075531951,0.8745135857530781,0.6679297952599375,1.1400000000000001
Denmark,2011,27.3,79.8,10.6,61920.301,97.6,5.95,-27.3,-5.95,-97.6,0.17093586377616132,0.8833719666975572,0.7201574075122967,1.06
Denmark,2012,27.8,80.05121951,10.4,58559.563,99.3,6.075,-27.8,-6.075,-99.3,0.16176888641687545,0.880289927104524,0.6480760146722668,1.04
Denmark,2013,28.5,80.3,10.0,61512.411,99.8,5.758,-28.5,-5.758,-99.8,0.1416049153214543,0.8744741855283069,0.7076991029092458,1.0
Denmark,2014,28.4,80.7,10.1,62700.908,99.8,4.992,-28.4,-4.992,-99.8,0.15699171154529137,0.8816560815146254,0.7591625107321086,1.01
Denmark,2015,28.2,80.70243902,10.2,53316.984,100.1,4.542,-28.2,-4.542,-100.1,0.16400704397967797,0.8843897834978091,0.61798816011289,1.02
Denmark,2016,28.2,80.85365854,10.8,54699.182,100.4,4.125,-28.2,-4.125,-100.4,0.19164670346188528,0.886594877114302,0.6565300115201311,1.08
Denmark,2017,28.7,81.10243902,10.6,57683.746,101.3,4.2,-28.7,-4.2,-101.3,0.18241924706868873,0.8834772714152302,0.6981272667218371,1.06
Denmark,2018,28.2,80.95365854,10.6,61456.783,102.1,3.85,-28.2,-3.85,-102.1,0.18616301554557407,0.888053084108011,0.7710616395138741,1.06
Denmark,2019,27.7,81.45121951,10.5,59489.614,103.0,3.658,-27.7,-3.658,-103.0,0.20195202951257002,0.9020538930279309,0.7403480491405378,1.05
Denmark,2020,27.5,81.60243902,10.4,61075.932,103.5,4.658,-27.5,-4.658,-103.5,0.2046932519812645,0.9069571225215691,0.7228732187771681,1.04
Denmark,2021,28.3,81.40487805,10.8,69538.862,107.1,3.592,-28.3,-3.592,-107.1,0.20382833746103513,0.8932837305483267,0.8869398240331754,1.08
Denmark,2022,29.3,81.30487805,9.9,68122.941,117.5,2.508,-29.3,-2.508,-117.5,0.1506477893246587,0.8783348434397891,0.8439086741815962,0.9900000000000001
Denmark,2023,29.9,81.85365854,9.7,68207.562,118.0,2.767,-29.9,-2.767,-118.0,0.14737264106763726,0.8782427908561815,0.8316244586936147,0.97
Germany,2000,28.9,77.92682927,9.3,24158.215,80.0,7.95,-28.9,-7.95,-80.0,0.048940936908613675,0.8344721719248639,0.11076785553668089,0.9300000000000002
Germany,2001,29.9,78.32926829,8.9,24122.365,81.1,7.8,-29.9,-7.8,-81.1,0.028127347502856254,0.8268498857450886,0.10958466669160019,0.8900000000000001
Germany,2002,29.8,78.22926829,8.7,25752.683,81.9,8.6,-29.8,-8.6,-81.9,0.019170986385518396,0.8267407467628622,0.09922855296394567,0.87
Germany,2003,29.8,78.3804878,8.6,31074.429,82.8,9.708,-29.8,-9.708,-82.8,0.01893901650752222,0.8289458402335347,0.13768887492017617,0.86
Germany,2004,30.2,78.6804878,8.6,35000.452,84.6,10.333,-30.2,-10.333,-84.6,0.020431535875698015,0.8279241891687297,0.16700358257420678,0.86
Germany,2005,31.7,78.93170732,8.3,35592.346,86.4,11.008,-31.7,-11.008,-86.4,-0.007583064270826223,0.8113514696066884,0.13818811568046732,0.8300000000000001
Germany,2006,31.0,79.13170732,8.2,37530.238,87.6,10.042,-31.0,-10.042,-87.6,0.0038007170152141445,0.8237113596744863,0.2031165418035108,0.82
Germany,2007,31.2,79.53414634,8.3,43021.701,90.3,8.542,-31.2,-8.542,-90.3,0.014788203504962516,0.8268816175865741,0.3405572402124368,0.8300000000000001
Germany,2008,30.8,79.73658537,8.3,47146.711,91.2,7.425,-30.8,-7.425,-91.2,0.025754336606626155,0.8352298697259617,0.450313807801895,0.8300000000000001
Germany,2009,30.5,79.83658537,8.1,43173.674,92.0,7.342,-30.5,-7.342,-92.0,0.024730437210350537,0.8407352807541192,0.3819984499603454,0.81
Germany,2010,30.2,79.98780488,8.3,43220.097,93.7,6.575,-30.2,-6.575,-93.7,0.04090323975763632,0.8469875782592403,0.40387276097635433,0.8300000000000001
Germany,2011,30.6,80.43658537,8.3,47621.991,95.9,5.525,-30.6,-5.525,-95.9,0.046084971763617144,0.8481354547048896,0.5075634146864525,0.8300000000000001
Germany,2012,31.1,80.53902439,8.4,44768.64,97.9,5.083,-31.1,-5.083,-97.9,0.045173765671771865,0.8428838876014018,0.46547409292044134,0.8400000000000001
Germany,2013,31.5,80.4902439,8.5,47282.485,99.2,4.942,-31.5,-4.942,-99.2,0.04199946432951987,0.8367762950387247,0.5055775328498628,0.8500000000000001
Germany,2014,30.8,81.0902439,8.8,49108.051,99.4,4.708,-30.8,-4.708,-99.4,0.07922842957129789,0.8549690130813583,0.5446699651143705,0.8800000000000001
Germany,2015,31.7,80.64146341,9.0,42109.327,99.6,4.358,-31.7,-4.358,-99.6,0.06268426991532461,0.8362832524864314,0.44011569597230915,0.9
Germany,2016,31.4,80.9902439,9.6,43189.577,101.3,3.9,-31.4,-3.9,-101.3,0.09968250825802841,0.845416398018752,0.46668102392059996,0.96
Germany,2017,31.3,80.99268293,9.5,45881.456,102.9,3.525,-31.3,-3.525,-102.9,0.09724792216353617,0.8468010321362737,0.5175544954377393,0.9500000000000001
Germany,2018,31.9,80.89268293,9.5,49384.527,104.8,3.192,-31.9,-3.192,-104.8,0.08584871043627845,0.8372484170736676,0.5785062330179129,0.9500000000000001
Germany,2019,31.8,81.29268293,9.4,48177.607,106.233,2.95,-31.8,-2.95,-106.233,0.09327218405661805,0.8444303130599858,0.5593659077463148,0.9400000000000001
Germany,2020,32.4,81.04146341,9.3,47953.683,105.6,3.625,-32.4,-3.625,-105.6,0.07414161935589603,0.8326726043808867,0.5317451498955142,0.9300000000000002
Germany,2021,32.4,80.7902439,9.6,53151.541,111.367,3.6,-32.4,-3.6,-111.367,0.07985727715020333,0.8290093039165054,0.5848385206686956,0.96
Germany,2022,32.4,80.60804878,8.8,50943.628,123.4,3.142,-32.4,-3.142,-123.4,0.04348621334233527,0.8263525219344694,0.4927539286819479,0.8800000000000001
Germany,2023,32.4,80.54146341,8.3,54793.074,127.067,3.083,-32.4,-3.083,-127.067,0.02192683290248143,0.8253815694123424,0.5374400249938613,0.8300000000000001
Indonesia,2000,30.3,66.292,21.688,870.154,28.513,6.08,-30.3,-6.08,-28.513,0.23287553016863305,0.6459253256428781,0.11157532997719716,2.1688
Indonesia,2001,31.2,66.583,21.386,834.139,32.1,8.1,-31.2,-8.1,-32.1,0.2146872844169547,0.6380270958912249,0.005978736638876103,2.1386
Indonesia,2002,30.2,66.954,21.107,1002.907,35.29,9.06,-30.2,-9.06,-35.29,0.22764385580798865,0.6569277239527134,-0.050185129612837664,2.1107
Indonesia,2003,29.3,67.134,20.834,1186.465,37.12,9.67,-29.3,-9.67,-37.12,0.23461662845125764,0.6716941086447354,-0.08338138641685416,2.0834
Indonesia,2004,30.4,65.521,20.796,1279.721,39.49,9.86,-30.4,-9.86,-39.49,0.17675453174548825,0.6333334817098999,-0.10414939562269238,2.0796
Indonesia,2005,29.9,67.531,21.018,1404.348,46.26,11.24,-29.9,-11.24,-46.26,0.24286745791453057,0.6693887823408623,-0.2002606622583324,2.1018000000000003
Indonesia,2006,31.5,67.664,20.943,1765.794,49.31,10.28,-31.5,-10.28,-49.31,0.2193935872986505,0.6497431094587691,-0.1734341169107511,2.0943
Indonesia,2007,33.2,67.914,20.968,2064.003,52.16,9.11,-33.2,-9.11,-52.16,0.2013159543951809,0.6304544707478321,-0.13781625732780045,2.0968
Indonesia,2008,32.6,68.085,20.511,2416.785,57.93,8.39,-32.6,-8.39,-57.93,0.1962795146013494,0.6410424127759714,-0.13767205355593437,2.0511
Indonesia,2009,33.4,68.267,20.375,2469.384,59.54,7.87,-33.4,-7.87,-59.54,0.1834846209748867,0.6329038054126586,-0.12529118544879742,2.0375
Indonesia,2010,34.6,68.364,20.362,3177.453,63.68,7.14,-34.6,-7.14,-63.68,0.16753309657208543,0.6181294500587615,-0.10876777545886432,2.0362
Indonesia,2011,37.9,68.629,20.611,3690.097,66.09,6.56,-37.9,-6.56,-66.09,0.13496079141408518,0.5774744542131548,-0.09108865443901848,2.0611
Indonesia,2012,37.1,68.862,20.41,3739.917,68.5,6.14,-37.1,-6.14,-68.5,0.14462797040547576,0.5916646206003595,-0.08776792508248721,2.041
Indonesia,2013,38.9,69.064,19.643,3667.435,74.04,6.25,-38.9,-6.25,-74.04,0.09233875916896306,0.5703269745209594,-0.12747022821527476,1.9643000000000002
Indonesia,2014,38.8,69.292,19.091,3532.669,80.23,5.94,-38.8,-5.94,-80.23,0.07750015204343996,0.5750007544780986,-0.15494742146783935,1.9091000000000002
Indonesia,2015,38.2,69.52,18.569,3373.489,82.92,6.18,-38.2,-6.18,-82.92,0.07128902417516768,0.586419874492652,-0.18397732868147137,1.8569
Indonesia,2016,36.9,69.733,18.138,3604.99,85.43,5.61,-36.9,-5.61,-85.43,0.07873543610182684,0.6070637395385294,-0.17205061835611907,1.8138000000000003
Indonesia,2017,36.4,69.953,17.54,3885.967,88.51,5.5,-36.4,-5.5,-88.51,0.06781327869590557,0.6170171349821034,-0.18168731516014877,1.754
Indonesia,2018,36.3,70.08,17.146,3945.583,91.31,5.34,-36.3,-5.34,-91.31,0.05676126539308739,0.6202181258755965,-0.1912759856948095,1.7146000000000001
Indonesia,2019,35.4,70.349,16.909,4192.768,93.67,5.28,-35.4,-5.28,-93.67,0.06737431097658111,0.6362823147920194,-0.19912146821410653,1.6909
Indonesia,2020,35.3,68.817,16.674,3919.465,95.24,7.07,-35.3,-7.07,-95.24,0.02151599968313142,0.6152916516598824,-0.2868930046516373,1.6674
Indonesia,2021,35.5,67.452,16.417,4351.304,97.03,6.49,-35.5,-6.49,-97.03,-0.025537075689138475,0.5926889901727908,-0.2667719578350387,1.6417000000000002
Indonesia,2022,35.5,70.925,16.204,4784.207,102.28,5.86,-35.5,-5.86,-102.28,0.052099698424098034,0.6433325190642993,-0.26579036150932067,1.6204
Indonesia,2023,36.1,71.146,15.941,4919.943,105.15,5.32,-36.1,-5.32,-105.15,0.0381883448191077,0.6384607484514988,-0.2589139834418792,1.5941
Japan,2000,34.6,81.07609756,9.5,39172.971,96.987,4.733,-34.6,-4.733,-96.987,0.05025862654280702,0.8034981457257748,0.39134071898708755,0.9500000000000001
Japan,2001,34.6,81.41634146,9.3,34410.68,96.105,5.042,-34.6,-5.042,-96.105,0.050732109704743594,0.8084596060712426,0.30395575304478406,0.9300000000000002
Japan,2002,34.6,81.69073171,9.2,32832.296,95.594,5.358,-34.6,-5.358,-95.594,0.053554324220250554,0.8124607838867977,0.26755788493691407,0.9199999999999999
Japan,2003,34.6,81.76,8.9,35410.229,95.304,5.242,-34.6,-5.242,-95.304,0.043326940861065505,0.8134708589360005,0.31745959291250136,0.8900000000000001
Japan,2004,34.6,82.0302439,8.8,38307.103,95.81,4.733,-34.6,-4.733,-95.81,0.046046341043720435,0.817411574385872,0.3839936415936884,0.8800000000000001
Japan,2005,34.6,81.95512195,8.4,37819.107,95.083,4.425,-34.6,-4.425,-95.083,0.028256945906835834,0.8163161408571615,0.39289863475213616,0.8400000000000001
Japan,2006,34.6,82.32195122,8.7,36021.9,95.432,4.117,-34.6,-4.117,-95.432,0.04929795563375172,0.8216652709272726,0.3731878980832077,0.87
Japan,2007,34.6,82.50707317,8.6,35847.232,95.92,3.833,-34.6,-3.833,-95.92,0.049906642417797686,0.8243647321490628,0.37892785914006044,0.86
Japan,2008,34.6,82.58756098,8.7,39992.06,96.947,3.983,-34.6,-3.983,-96.947,0.055884107375262615,0.8255384110235661,0.43617895915623495,0.87
Japan,2009,33.0,82.93146341,8.5,41469.773,95.007,5.075,-33.0,-5.075,-95.007,0.08023384748964582,0.8521383084930868,0.42805593401057085,0.8500000000000001
Japan,2010,31.5,82.84268293,8.5,45135.796,94.764,5.058,-31.5,-5.058,-94.764,0.10033135851229583,0.8710797254969218,0.49190191644160597,0.8500000000000001
Japan,2011,33.0,82.59121951,8.3,48760.915,94.477,4.583,-33.0,-4.583,-94.477,0.063833719120715,0.847176848147619,0.5741486112167206,0.8300000000000001
Japan,2012,32.5,83.09609756,8.2,49175.035,94.245,4.325,-32.5,-4.325,-94.245,0.07980416994148021,0.8612843552398344,0.5931369155289359,0.82
Japan,2013,31.5,83.33195122,8.2,40934.756,95.559,4.008,-31.5,-4.008,-95.559,0.10051844083929057,0.8782142699197015,0.459515891965392,0.82
Japan,2014,31.3,83.58780488,8.0,38522.771,97.995,3.583,-31.3,-3.583,-97.995,0.10187254668427834,0.8846432819064474,0.42147831904581645,0.8
Japan,2015,30.7,83.79390244,8.0,35005.662,98.186,3.375,-30.7,-3.375,-98.186,0.11590259031155406,0.895743019009128,0.3697007684078687,0.8
Japan,2016,31.8,83.98487805,7.8,39411.424,98.445,3.108,-31.8,-3.108,-98.445,0.09632220727088284,0.8836880905841145,0.45318298093796444,0.78
Japan,2017,31.8,84.0997561,7.6,38903.298,98.983,2.817,-31.8,-2.817,-98.983,0.0912074406431479,0.8853632503434508,0.45329570903868766,0.76
Japan,2018,32.9,84.21097561,7.4,39850.331,99.841,2.433,-32.9,-2.433,-99.841,0.06964939768173023,0.8721453128903278,0.4797418390157913,0.7400000000000001
Japan,2019,33.0,84.35634146,7.0,40547.967,100.351,2.358,-33.0,-2.358,-100.351,0.05584069834131267,0.8729159798700091,0.49143027194000277,0.7000000000000001
Japan,2020,32.3,84.56,6.8,40159.866,99.43,2.8,-32.3,-2.8,-99.43,0.06333353675248926,0.8853292190239548,0.47238769505013156,0.68
Japan,2021,32.3,84.44560976,6.6,40155.188,99.931,2.817,-32.3,-2.817,-99.931,0.052533754079196915,0.8836611725441543,0.4685390769302197,0.66
Japan,2022,32.3,83.99634146,6.3,34088.755,103.788,2.592,-32.3,-2.592,-103.788,0.029448557568621414,0.8771099107730376,0.3521090231223376,0.63
Japan,2023,32.3,84.04121951,6.0,33776.442,106.807,2.575,-32.3,-2.575,-106.807,0.018616385358108445,0.8777643256367778,0.32904661786850287,0.6000000000000001
South Africa,2000,57.8,58.368,21.567,3382.066,28.2,23.0,-57.8,-23.0,-28.2,-0.3772424802890532,0.15938330030359465,-0.539490380678369,2.1567000000000003
South Africa,2001,59.199999999999996,57.161,21.266,2964.029,29.6,25.95,-59.199999999999996,-25.95,-29.6,-0.4399688179084834,0.1228957897287683,-0.676317592629528,2.1266
South Africa,2002,60.599999999999994,55.58,20.928,2778.115,33.2,27.8,-60.599999999999994,-27.8,-33.2,-0.5134422039396351,0.0809545849974708,-0.777529801298102,2.0928
South Africa,2003,62.0,54.245,21.388,4191.4,33.3,27.65,-62.0,-27.65,-33.3,-0.5490420314523564,0.04260056947069716,-0.748209845081362,2.1388000000000003
South Africa,2004,63.4,53.963,22.136,5392.861,34.5,25.15,-63.4,-25.15,-34.5,-0.5470641211599757,0.019601473587677755,-0.6326361782260209,2.2136
South Africa,2005,64.8,53.914,22.718,6007.979,35.7,24.65,-64.8,-24.65,-35.7,-0.5459182198073549,0.0,-0.6091027215058495,2.2718000000000003
South Africa,2006,64.2,54.22,23.144,6250.883,37.8,23.55,-64.2,-23.55,-37.8,-0.5124490834790456,0.012556521469646477,-0.5726933376738915,2.3144
South Africa,2007,63.6,54.948,23.088,6752.256,41.1,23.0,-63.6,-23.0,-41.1,-0.4877074962452403,0.03126667645274423,-0.5618926781798135,2.3088
South Africa,2008,63.0,55.982,24.33,6337.933,45.237,22.525,-63.0,-22.525,-45.237,-0.4036962631719501,0.05443894483659114,-0.5747058303664119,2.433
South Africa,2009,63.2,57.413,22.779,6538.166,48.152,23.7,-63.2,-23.7,-48.152,-0.43294144993513345,0.07260775089359915,-0.6374887949154547,2.2779000000000003
South Africa,2010,63.4,58.886,22.178,8118.173,49.861,24.875,-63.4,-24.875,-49.861,-0.42331940776308685,0.09138900388796495,-0.6696722762562488,2.2178
South Africa,2011,63.3,60.602,22.075,8784.648,52.877,24.8,-63.3,-24.8,-52.877,-0.3833833914984352,0.1177609039114918,-0.6738711685201366,2.2075
South Africa,2012,63.2,61.737,22.118,8185.718,55.893,24.875,-63.2,-24.875,-55.893,-0.35204082726577973,0.13566062130157025,-0.7055159261690688,2.2117999999999998
South Africa,2013,63.1,62.388,21.894,7431.908,58.909,24.725,-63.1,-24.725,-58.909,-0.34333073059477204,0.14650261684209775,-0.7305204616944643,2.1894
South Africa,2014,63.0,63.184,21.784,6952.314,62.126,25.1,-63.0,-25.1,-62.126,-0.3264860697433516,0.15945901252350328,-0.7737171928469803,2.1784
South Africa,2015,63.0,64.053,21.007,6222.526,65.242,25.35,-63.0,-25.35,-65.242,-0.33587555262629387,0.17213083129883322,-0.8153665046937277,2.1007000000000002
South Africa,2016,63.0,64.749,20.27,5721.189,69.3,26.725,-63.0,-26.725,-69.3,-0.3479621389973683,0.1822799519750469,-0.9051740862639769,2.027
South Africa,2017,63.0,65.422,20.038,6647.093,72.6,27.45,-63.0,-27.45,-72.6,-0.34051165177266485,0.19209368504270743,-0.9396222796400471,2.0038
South Africa,2018,63.0,65.726,19.85,6956.41,75.9,27.125,-63.0,-27.125,-75.9,-0.3404590855709073,0.19652663430358255,-0.9412968539425863,1.9850000000000003
South Africa,2019,63.0,66.071,19.694,6582.757,78.9,28.7,-63.0,-28.7,-78.9,-0.33811573753084445,0.20155744843187803,-1.030688669936385,1.9694
South Africa,2020,63.0,65.15,19.522,5630.983,81.3,29.175,-63.0,-29.175,-81.3,-0.3678016304388327,0.18812736201981947,-1.0809271026985754,1.9522
South Africa,2021,63.0,62.01,19.354,6923.875,86.1,34.3,-63.0,-34.3,-86.1,-0.4523513506034029,0.1423396624173612,-1.2991920143870341,1.9354
South Africa,2022,63.0,65.454,19.079,6640.434,92.3,33.5,-63.0,-33.5,-92.3,-0.3779023005565344,0.1925603112806944,-1.3090972556150227,1.9079000000000002
South Africa,2023,63.0,66.139,18.775,6132.74,97.1,32.375,-63.0,-32.375,-97.1,-0.3730210533066278,0.2025490291876,-1.3008372896158138,1.8775
United States,2000,40.1,76.63658537,14.4,36312.782,175.067,3.967,-40.1,-3.967,-175.067,0.053513556589413994,0.6645621278530789,-0.10396531823325883,1.4400000000000002
United States,2001,40.6,76.83658537,14.1,37101.453,177.783,4.742,-40.6,-4.742,-177.783,0.03909486119181266,0.6607332017830819,-0.13919579933562926,1.4100000000000001
United States,2002,40.4,76.93658537,14.0,37945.761,182.433,5.783,-40.4,-5.783,-182.433,0.04056602692394079,0.6648895447997569,-0.19627684861779365,1.4000000000000001
United States,2003,40.8,77.03658537,14.1,39405.354,185.917,5.992,-40.8,-5.992,-185.917,0.04108093821949359,0.6609514797475341,-0.20167501451299646,1.4100000000000001
United States,2004,40.5,77.48780488,14.0,41641.617,191.883,5.542,-40.5,-5.542,-191.883,0.05274766092309063,0.6715783982337816,-0.18214882977793218,1.4000000000000001
United States,2005,41.3,77.48780488,14.0,44034.256,198.95,5.083,-41.3,-5.083,-198.95,0.04085489153632785,0.6607858541419185,-0.16637257076233936,1.4000000000000001
United States,2006,41.7,77.68780488,14.3,46216.853,203.325,4.608,-41.7,-4.608,-203.325,0.05181276012256371,0.6583059960834047,-0.13696798920435171,1.4300000000000002
United States,2007,41.1,77.98780488,14.3,47943.353,211.63,4.617,-41.1,-4.617,-211.63,0.06817124122419302,0.6707750251334286,-0.15921479292320695,1.4300000000000002
United States,2008,41.1,78.03902439,14.0,48470.553,213.113,5.8,-41.1,-5.8,-213.113,0.057496314055513704,0.6715219116103918,-0.20804832010866647,1.4000000000000001
United States,2009,40.8,78.3902439,13.5,47102.428,217.202,9.283,-40.8,-9.283,-217.202,0.050756756864930884,0.6806906231029306,-0.39924052846170244,1.35
United States,2010,40.2,78.54146341,13.0,48586.288,220.871,9.608,-40.2,-9.608,-220.871,0.043517718820012416,0.6909901246425001,-0.41013107633983087,1.3
United States,2011,41.2,78.64146341,12.7,50008.108,227.687,8.933,-41.2,-8.933,-227.687,0.019186407868498713,0.6789576515213801,-0.4002686545801699,1.27
United States,2012,41.2,78.74146341,12.6,51736.738,231.834,8.075,-41.2,-8.075,-231.834,0.017684381253935746,0.680415858515089,-0.361364216003847,1.26
United States,2013,40.9,78.74146341,12.4,53363.904,234.892,7.358,-40.9,-7.358,-234.892,0.014180847170474728,0.6844630625495377,-0.3232836635440827,1.2400000000000002
United States,2014,41.7,78.84146341,12.5,55263.817,236.122,6.158,-41.7,-6.158,-236.122,0.008749373772646368,0.6751287254513836,-0.2495630060992966,1.25
United States,2015,41.5,78.6902439,12.4,57006.926,237.763,5.275,-41.5,-5.275,-237.763,0.003991213393836124,0.6756217680036771,-0.1940245782918083,1.2400000000000002
United States,2016,41.3,78.53902439,12.2,58179.697,242.987,4.875,-41.3,-4.875,-242.987,-0.004748608286722765,0.6761148105559703,-0.18989051940072632,1.22
United States,2017,41.4,78.53902439,11.8,60292.978,248.28,4.358,-41.4,-4.358,-248.28,-0.022161849667062417,0.6747657425444875,-0.16555386431598795,1.1800000000000002
United States,2018,41.8,78.63902439,11.6,63165.278,253.048,3.892,-41.8,-3.892,-253.048,-0.03359192227675507,0.670827677492265,-0.1273284992524676,1.16
United States,2019,41.9,78.78780488,11.4,65561.32,258.353,3.675,-41.9,-3.675,-258.353,-0.039352628415792824,0.6716481369912363,-0.11063654207265639,1.1400000000000001
United States,2020,40.0,76.9804878,10.9,64518.063,262.389,8.1,-40.0,-8.1,-262.389,-0.07583046885408645,0.6709260051503565,-0.3347461333518763,1.09
United States,2021,39.7,76.32926829,11.0,71365.337,281.782,5.358,-39.7,-5.358,-281.782,-0.08353688389198302,0.6654770807455885,-0.22580729702833358,1.1
United States,2022,41.7,77.43414634,11.0,77944.095,299.845,3.642,-41.7,-3.642,-299.845,-0.08587186797998866,0.6546071295129849,-0.1553885416050913,1.1
United States,2023,41.8,78.38536585,10.7,82523.258,309.566,3.633,-41.8,-3.633,-309.566,-0.07571667913734138,0.6671288109218451,-0.13759856448459207,1.07
